user_id,email_address,phone_number,SRC_DATE
U0001,bsolano@gmail.com,(+34) 612 175444,2025-05-30
U0002,lorenzagarzon@gmail.com,(+34) 699 844861,2025-04-13
U0003,hidekisasaki@hotmail.com,(+81) 77-32077814,2025-02-24
U0004,marthaross@smith.net.au,(+61) 414 990 839,2025-03-18
U0005,nrau@warrior.biz,(+91) 7115536325,2025-03-08
U0006,kabir87@yahoo.com,(+91) 9234494632,2025-06-08
U0007,barbara57@yahoo.com,(+61) 407 396 405,2025-04-26
U0008,eutropio30@prat.com,(+34) 622 754214,2025-04-10
U0009,smoreira@uol.com.br,(+55) 51 99368-5760,2025-05-30
U0010,spires@uol.com.br,(+55) 93 94083-3739,2025-02-02
U0011,yamazakiakemi@matsumoto.org,(+81) 78-13276301,2025-04-18
U0012,sayuri67@yahoo.com,(+81) 75-13875836,2025-04-27
U0013,vedikadoctor@hotmail.com,(+91) 8134479287,2025-02-03
U0014,celsocabanillas@yahoo.com,(+34) 618 127277,2025-04-26
U0015,nicholas73@hotmail.com,(+1) 221 470 4797,2025-06-22
U0016,weberkenneth@collins.org,(+61) 427 560 291,2025-03-21
U0017,whitneytracy@whitehead.com,(+82) 11-42700360,2025-05-30
U0018,james45@gmail.com,(+1) 241 787 7092,2025-05-13
U0019,chiyosato@gmail.com,(+81) 87-41891054,2025-05-22
U0020,fwilkins@williams.org,(+61) 466 448 943,2025-03-05
U0021,twalton@black-mccoy.org,(+1) 396 335 1700,2025-05-13
U0022,tbell@wells.net,(+82) 10-69794620,2025-03-21
U0023,rastogisamarth@yahoo.com,(+91) 8643895959,2025-02-28
U0024,patrickjones@hotmail.com,(+82) 11-36954429,2025-02-27
U0025,williammarshall@reed-jefferson.net.au,(+61) 441 312 733,2025-02-25
U0026,sayuri19@yahoo.com,(+81) 74-86618547,2025-01-29
U0027,juan-antoniobenavent@galvan.com,(+34) 646 317224,2025-01-03
U0028,santosleonardo@fogaca.org,(+55) 77 96782-4985,2025-01-24
U0029,mirandaarmando@manso-pineiro.com,(+34) 645 664455,2025-06-08
U0030,comarneysa@gmail.com,(+91) 9569425527,2025-03-17
U0031,lisaboyd@hotmail.com,(+1) 244 830 9994,2025-03-05
U0032,novaesbruno@silveira.com,(+55) 26 95273-5044,2025-04-29
U0033,arnaudeberthelot@dbmail.com,(+33) 7 78 3881930,2025-05-13
U0034,iball@brown.com,(+61) 496 846 362,2025-02-09
U0035,tsubasatanaka@hotmail.com,(+81) 73-42553574,2025-01-22
U0036,vallesharoldo@gmail.com,(+34) 647 683935,2025-01-01
U0037,tharper@yahoo.com,(+1) 909 275 9634,2025-06-30
U0038,hbabu@jani-batra.net,(+91) 9602924245,2025-02-16
U0039,pearsontodd@gomez.com,(+1) 287 702 4901,2025-04-15
U0040,michael37@yahoo.com,(+1) 836 341 5528,2025-02-15
U0041,dharmajan78@dugar-sarkar.org,(+91) 8360915204,2025-03-24
U0042,dswanson@wilkerson.com,(+1) 778 499 5266,2025-02-09
U0043,ehlertmariana@gmail.com,(+49) 151 2988781,2025-03-08
U0044,iroussel@wagner.com,(+33) 6 29 3313847,2025-01-15
U0045,khebert@masson.com,(+33) 7 20 2624915,2025-02-06
U0046,johnsonana@lyons.com,(+1) 273 944 9349,2025-03-08
U0047,yamamotoryosuke@hasegawa.org,(+81) 77-65019084,2025-01-30
U0048,bbennett@gmail.com,(+1) 347 477 3664,2025-01-09
U0049,erin12@armstrong-skinner.com,(+1) 458 912 1280,2025-01-23
U0050,jonatan41@yahoo.com,(+34) 666 819156,2025-03-13
U0051,maike54@stolze.org,(+49) 159 4442255,2025-03-07
U0052,sknox@owen.biz,(+82) 11-68515227,2025-05-14
U0053,teixeiralarissa@gmail.com,(+55) 71 93142-1715,2025-06-10
U0054,hkuruvilla@dhillon-bahl.biz,(+91) 7832526598,2025-06-09
U0055,grace22@yahoo.com,(+61) 450 399 614,2025-06-27
U0056,araujoluiza@hotmail.com,(+55) 56 95318-7162,2025-03-27
U0057,ryohei31@hasegawa.net,(+81) 79-92771718,2025-06-16
U0058,turnerjessica@gmail.com,(+61) 490 776 129,2025-03-03
U0059,aaronrogers@burke-grant.org,(+1) 989 923 6489,2025-06-08
U0060,abraham61@gmx.de,(+49) 154 4045652,2025-05-31
U0061,belinda36@contreras-mills.com.au,(+61) 421 903 832,2025-05-17
U0062,masonhector@gmail.com,(+1) 805 343 7772,2025-05-30
U0063,marcelhardy@free.fr,(+33) 6 68 4984083,2025-04-27
U0064,royjohann@aol.de,(+49) 151 4476520,2025-05-02
U0065,rogersjessica@oneill.com,(+1) 575 200 9931,2025-01-07
U0066,derek57@williams.net,(+82) 10-88001143,2025-03-26
U0067,ortizcurtis@gmail.com,(+1) 495 422 6667,2025-06-19
U0068,kirstenholt@gmail.com,(+49) 156 3902070,2025-04-28
U0069,reyanshdatta@dass.biz,(+91) 8629520117,2025-06-06
U0070,james65@yahoo.com,(+61) 473 411 135,2025-06-17
U0071,enricofreitas@bol.com.br,(+55) 77 91124-7254,2025-01-28
U0072,lankabadal@yahoo.com,(+91) 7155736978,2025-06-14
U0073,nelsonwilliam@gmail.com,(+1) 215 516 7032,2025-05-20
U0074,cmoraes@da.org,(+55) 94 97328-4116,2025-04-03
U0075,ronaldbryant@jones-juarez.net,(+61) 497 442 625,2025-02-10
U0076,connercalvin@hotmail.com,(+1) 479 255 2646,2025-05-21
U0077,sayuritakahashi@takahashi.org,(+81) 73-19248440,2025-03-22
U0078,ainoa32@camino.com,(+34) 649 746999,2025-03-03
U0079,asukayamamoto@matsumoto.org,(+81) 80-81622942,2025-05-28
U0080,zoya42@gera-dada.org,(+91) 9750757915,2025-04-28
U0081,akemi34@hotmail.com,(+81) 86-97715166,2025-05-05
U0082,jesus18@hotmail.com,(+1) 491 951 6444,2025-03-23
U0083,woodgordon@hotmail.com,(+82) 10-77445757,2025-05-12
U0084,ryosukenakamura@yahoo.com,(+81) 81-93886765,2025-02-07
U0085,ovidiobarragan@marti-canet.com,(+34) 636 225969,2025-05-12
U0086,takahashinaoko@yahoo.com,(+81) 86-39017733,2025-05-27
U0087,sbennett@salas.com,(+82) 10-20221753,2025-04-28
U0088,aoconnor@collins.com,(+1) 257 828 2866,2025-06-27
U0089,raul50@yahoo.com.br,(+55) 38 97401-8583,2025-01-01
U0090,humphreynicole@perkins.org,(+82) 10-10026406,2025-02-15
U0091,luciapaniagua@yahoo.com,(+34) 659 804116,2025-03-17
U0092,elzbietazorbach@aol.de,(+49) 154 1413210,2025-03-19
U0093,ernestofont@gmail.com,(+34) 664 214658,2025-06-04
U0094,ucuevas@hotmail.com,(+82) 11-17313293,2025-05-02
U0095,maren84@aol.de,(+49) 159 7790647,2025-05-04
U0096,williambolton@wallace.org,(+61) 412 982 708,2025-05-31
U0097,meghankane@higgins-williams.biz,(+1) 766 496 1136,2025-02-05
U0098,briannacervantes@hotmail.com,(+1) 412 489 6233,2025-06-26
U0099,sanchezadoracion@gmail.com,(+34) 670 370069,2025-03-07
U0100,robertsontiffany@hotmail.com,(+1) 405 622 5671,2025-01-24
U0101,taimursagar@hotmail.com,(+91) 7710950201,2025-02-27
U0102,cvarghese@wable.net,(+91) 9547744957,2025-01-12
U0103,jayant92@hotmail.com,(+91) 9366499431,2025-06-29
U0104,hanno28@web.de,(+49) 155 8753300,2025-01-06
U0105,alexia75@rezende.br,(+55) 66 98058-6568,2025-05-28
U0106,pintolorraine@ramos.fr,(+33) 7 33 9007456,2025-03-01
U0107,xolivier@hamel.org,(+33) 7 84 3439724,2025-02-05
U0108,hunarrandhawa@hotmail.com,(+91) 8125243934,2025-05-03
U0109,satomanabu@gmail.com,(+81) 83-29990021,2025-01-26
U0110,bennettkathleen@norton.com.au,(+61) 424 516 859,2025-05-08
U0111,ramsumer@grover-cherian.com,(+91) 7266377939,2025-02-25
U0112,nicholas98@ramirez.com,(+1) 680 445 3324,2025-04-18
U0113,saitotsubasa@hotmail.com,(+81) 82-85841021,2025-04-13
U0114,dmani@sathe.info,(+91) 9747029386,2025-05-02
U0115,inakamura@yahoo.com,(+81) 83-45689805,2025-06-15
U0116,edoerr@adler.com,(+49) 156 8263479,2025-05-02
U0117,agathe62@sfr.fr,(+33) 6 49 2485267,2025-02-16
U0118,hariyakshit@roy.com,(+91) 7994694701,2025-01-24
U0119,rda-silva@ifrance.com,(+33) 6 19 9072886,2025-06-04
U0120,christianwood@brewer-conrad.org,(+1) 933 588 9089,2025-04-25
U0121,gerhardklingelhoefer@aol.de,(+49) 152 9505708,2025-01-30
U0122,rosekimberly@gmail.com,(+82) 11-58013306,2025-02-23
U0123,otavio55@uol.com.br,(+55) 17 90645-9841,2025-05-11
U0124,rania32@yahoo.com,(+91) 7577192171,2025-01-11
U0125,alphonse95@tiscali.fr,(+33) 7 29 7400173,2025-05-18
U0126,scholloswin@hotmail.de,(+49) 155 1254827,2025-02-08
U0127,stephaniepetty@gmail.com,(+61) 441 754 206,2025-05-04
U0128,guzmanjose@sabater.es,(+34) 647 276203,2025-03-24
U0129,potterashley@hotmail.com.au,(+61) 474 656 936,2025-03-13
U0130,adrianarossello@gmail.com,(+34) 675 191195,2025-06-19
U0131,pacebrian@gmail.com,(+1) 857 284 6151,2025-03-02
U0132,zbuisson@ifrance.com,(+33) 7 48 7775952,2025-05-10
U0133,robertsstephanie@gmail.com,(+1) 782 279 1549,2025-03-25
U0134,walterhenriette@googlemail.com,(+49) 155 1437704,2025-03-23
U0135,kumiko75@hotmail.com,(+81) 89-11283465,2025-05-05
U0136,chita57@hotmail.com,(+34) 670 548697,2025-04-26
U0137,wilsonjeffrey@yahoo.com,(+82) 10-35096814,2025-01-27
U0138,dixonjulie@hotmail.com,(+1) 614 617 6621,2025-03-13
U0139,humberthenriette@nicolas.com,(+33) 6 30 7709022,2025-05-06
U0140,sabineroyer@gregoire.com,(+33) 6 73 6403963,2025-04-13
U0141,naokoyamamoto@watanabe.com,(+81) 71-13939740,2025-04-16
U0142,yadavivana@salvi-sodhi.com,(+91) 7698711508,2025-06-25
U0143,rwalton@white-bennett.org,(+1) 983 690 1171,2025-04-19
U0144,jaroslaw97@hotmail.de,(+49) 155 3581317,2025-04-21
U0145,katiedavis@gmail.com,(+82) 10-50461038,2025-05-29
U0146,da-costajoao@uol.com.br,(+55) 31 91188-8319,2025-06-30
U0147,moyafebe@gmail.com,(+34) 660 264978,2025-03-13
U0148,ferrandmarine@samson.fr,(+33) 6 22 2029554,2025-03-19
U0149,ottostefan@web.de,(+49) 154 7781606,2025-02-20
U0150,dvasquez@hill.com,(+1) 844 985 7557,2025-01-10
U0151,bagudo@gmail.com,(+34) 682 918792,2025-05-15
U0152,dyamamoto@yahoo.com,(+81) 77-61881647,2025-01-17
U0153,ryan38@uol.com.br,(+55) 76 94085-3619,2025-06-11
U0154,amanda77@robinson-lee.com,(+82) 10-83433925,2025-05-25
U0155,madhupsharaf@seth.com,(+91) 8150217264,2025-03-05
U0156,tomoyawatanabe@yahoo.com,(+81) 82-83502700,2025-04-22
U0157,amandamartinez@yahoo.com,(+1) 885 675 6739,2025-01-05
U0158,ljones@gmail.com,(+1) 341 811 4677,2025-02-23
U0159,lfukuda@hotmail.com,(+81) 85-96579943,2025-03-19
U0160,micaelahuerta@duenas.es,(+34) 614 631860,2025-01-10
U0161,christian01@hotmail.de,(+49) 159 5484127,2025-06-20
U0162,luisina14@duque.es,(+34) 661 444692,2025-03-20
U0163,kferreira@uol.com.br,(+55) 61 95670-9554,2025-03-13
U0164,lrajagopal@barad-bhavsar.net,(+91) 7379647047,2025-01-05
U0165,rhea51@hotmail.com,(+91) 7652554628,2025-03-30
U0166,weissanouk@jourdan.net,(+33) 7 33 3559911,2025-02-19
U0167,iyengarinaaya@bhakta-bahl.info,(+91) 9549856412,2025-04-13
U0168,melissaroach@sims.com.au,(+61) 470 328 545,2025-05-19
U0169,kyle00@hotmail.com,(+82) 10-71680811,2025-04-24
U0170,sishikawa@kobayashi.com,(+81) 88-66602912,2025-05-19
U0171,craigmark@rojas-phillips.com,(+61) 464 490 526,2025-04-24
U0172,stefan71@googlemail.com,(+49) 151 3789086,2025-06-11
U0173,nanamisato@ito.com,(+81) 86-92030441,2025-03-13
U0174,setienne@albert.org,(+33) 7 16 2558737,2025-02-03
U0175,anthonygarcia@sawyer.org,(+1) 282 720 3869,2025-02-24
U0176,chhabradhanuk@gmail.com,(+91) 9958106929,2025-01-15
U0177,hunter72@erickson.com,(+1) 515 892 1022,2025-03-08
U0178,mcfarlandwilliam@yahoo.com,(+82) 10-13365760,2025-06-22
U0179,santiago89@gmail.com,(+34) 642 348457,2025-06-28
U0180,nbecker@gmail.com,(+82) 11-22588848,2025-04-01
U0181,anthonykimberly@hotmail.com,(+82) 10-74961831,2025-06-20
U0182,reneefarley@lambert.info,(+82) 11-82038429,2025-05-12
U0183,orangel@hotmail.com,(+1) 253 893 3760,2025-06-05
U0184,joao-felipesilveira@cardoso.br,(+55) 66 98125-7223,2025-03-08
U0185,bhamini98@bali.com,(+91) 8238035859,2025-05-31
U0186,dodsonelizabeth@yahoo.com,(+1) 912 933 9419,2025-05-14
U0187,cindy64@ruiz-petty.biz,(+82) 10-82329702,2025-01-30
U0188,bgarcia@oliver.com,(+1) 599 855 3183,2025-03-28
U0189,da-costapietro@goncalves.br,(+55) 18 94040-4121,2025-02-26
U0190,tudelahilario@armas-estevez.es,(+34) 651 548743,2025-01-25
U0191,luigi05@gmail.com,(+55) 81 94634-9240,2025-01-27
U0192,fmorris@swanson.org,(+61) 427 936 878,2025-04-18
U0193,wtolosa@morante.org,(+34) 656 972363,2025-04-11
U0194,hilmarjacobi-jaeckel@weimer.com,(+49) 153 3480784,2025-04-10
U0195,btanaka@gmail.com,(+81) 87-56418444,2025-03-16
U0196,james95@yahoo.com.au,(+61) 426 688 122,2025-02-07
U0197,tpierce@bailey.info,(+61) 438 106 235,2025-05-20
U0198,rhanson@hotmail.com,(+1) 539 421 9619,2025-06-12
U0199,murphyhailey@salas-vaughn.net,(+82) 11-45721919,2025-06-27
U0200,kabirram@arora.com,(+91) 9881705914,2025-06-19
U0201,wsarna@vyas-handa.com,(+91) 7821304986,2025-04-15
U0202,xavierda-costa@neveu.org,(+33) 6 38 6806092,2025-03-12
U0203,igonzalez@owens-shaw.com,(+82) 10-15985036,2025-06-20
U0204,joao90@uol.com.br,(+55) 22 97790-4839,2025-03-11
U0205,chiragwalla@yahoo.com,(+91) 9932831530,2025-05-31
U0206,andrewcooley@yahoo.com,(+82) 11-94252774,2025-03-30
U0207,sarah79@hotmail.com,(+1) 480 509 8578,2025-03-25
U0208,ramonaarribas@gmail.com,(+34) 690 439514,2025-06-07
U0209,forozco@porter-lam.com,(+82) 11-49892268,2025-02-03
U0210,camposana-livia@yahoo.com.br,(+55) 83 96083-7507,2025-01-01
U0211,randyrodgers@campos.biz,(+1) 829 398 2313,2025-05-01
U0212,bsaito@gmail.com,(+81) 88-29379765,2025-01-24
U0213,bbohlander@harloff.de,(+49) 152 6307724,2025-01-01
U0214,elisa23@yahoo.com.br,(+55) 83 91808-7472,2025-01-12
U0215,weissoskar@juettner.de,(+49) 159 7494597,2025-01-24
U0216,owencarolyn@miller.info,(+1) 251 967 9532,2025-06-19
U0217,lsuzuki@yahoo.com,(+81) 75-51746131,2025-02-27
U0218,jermainejones@hudson.org.au,(+61) 405 395 950,2025-01-20
U0219,david89@albert.org,(+33) 7 98 1990753,2025-06-04
U0220,louisle-gall@vallet.net,(+33) 7 47 7407280,2025-01-27
U0221,caldeirabianca@da.com,(+55) 52 94255-8021,2025-04-03
U0222,tamara78@hotmail.com,(+34) 640 521457,2025-05-23
U0223,celinamorin@yahoo.fr,(+33) 6 52 8100021,2025-02-26
U0224,john22@may-mcgee.com,(+1) 978 760 1976,2025-04-22
U0225,camposdavi-lucas@barros.br,(+55) 63 97366-2771,2025-06-05
U0226,joana62@dias.net,(+55) 30 95179-3919,2025-06-01
U0227,amyenglish@hotmail.com,(+82) 11-89840282,2025-01-25
U0228,silveiraenzo@ribeiro.br,(+55) 37 96530-7627,2025-06-22
U0229,susanrodriguez@patterson-mcdonald.net.au,(+61) 438 958 984,2025-04-06
U0230,fdeleon@yahoo.com,(+1) 894 509 2021,2025-05-24
U0231,youngjacob@yahoo.com,(+1) 410 395 8988,2025-01-24
U0232,pknox@hotmail.com,(+82) 10-69001369,2025-02-18
U0233,allardadrienne@colas.org,(+33) 7 43 8630386,2025-04-23
U0234,dmcpherson@yahoo.com,(+82) 11-46575482,2025-01-08
U0235,aseifert@zimmer.com,(+49) 152 9567782,2025-02-04
U0236,aarongriffin@thompson.biz,(+1) 248 919 3278,2025-05-07
U0237,limarilyn@hotmail.com,(+1) 736 683 4855,2025-02-28
U0238,delfinadiez@gmail.com,(+34) 622 317388,2025-02-28
U0239,hanakoota@hotmail.com,(+81) 73-16864113,2025-02-01
U0240,rmorvan@fernandes.net,(+33) 7 96 7405349,2025-04-13
U0241,francoisbarthelemy@tiscali.fr,(+33) 7 45 6338173,2025-06-29
U0242,samanthamann@brown-brandt.info,(+1) 682 343 4844,2025-03-05
U0243,maciasadam@hotmail.com,(+1) 801 370 9274,2025-02-08
U0244,lotte38@stumpf.de,(+49) 158 3804089,2025-02-09
U0245,ehsaanbalasubramanian@dada.com,(+91) 9498409805,2025-05-28
U0246,aschacht@googlemail.com,(+49) 159 2719792,2025-01-11
U0247,manuelada-cruz@bol.com.br,(+55) 32 94138-4642,2025-06-22
U0248,ecriado@adadia.com,(+34) 622 779905,2025-01-01
U0249,macevedo@conway.com,(+82) 10-36647853,2025-02-17
U0250,antoinedumont@club-internet.fr,(+33) 6 86 4901261,2025-06-21
U0251,moritsubasa@gmail.com,(+81) 72-78243578,2025-03-30
U0252,margot01@laposte.net,(+33) 6 64 9030648,2025-05-08
U0253,trobles@yahoo.com,(+61) 451 767 382,2025-02-05
U0254,jwashington@yahoo.com,(+1) 864 265 4881,2025-03-07
U0255,nirvaan39@hotmail.com,(+91) 8541886800,2025-05-14
U0256,marissa58@hood-reyes.com,(+1) 530 214 1919,2025-01-27
U0257,remigio28@yahoo.com,(+34) 696 983960,2025-01-05
U0258,cbonet@yahoo.com,(+34) 691 292485,2025-06-28
U0259,knightjared@wilson.com.au,(+61) 496 123 726,2025-01-24
U0260,nathanharvey@williams-landry.com,(+1) 547 591 9443,2025-06-01
U0261,christopher14@kelley.com,(+1) 744 812 3762,2025-04-01
U0262,ltanaka@hotmail.com,(+81) 71-79052814,2025-05-21
U0263,blackwellgrace@hotmail.com.au,(+61) 478 826 663,2025-06-19
U0264,rosalinadiaz@gmail.com,(+34) 619 204957,2025-02-18
U0265,orhankarz@gmail.com,(+49) 159 9244805,2025-06-14
U0266,evelynheinrich@gmail.com,(+49) 154 1536706,2025-06-27
U0267,bsullivan@gmail.com,(+82) 11-82034780,2025-05-18
U0268,chelo78@munoz.org,(+34) 634 459494,2025-04-16
U0269,gmartin@griffith.biz,(+61) 467 882 993,2025-03-22
U0270,alexandrabaker@graham.com,(+82) 10-12211401,2025-01-02
U0271,agustina26@porras.com,(+34) 603 437346,2025-03-18
U0272,emanuella67@da.org,(+55) 40 94478-3763,2025-05-14
U0273,rde@yahoo.com,(+91) 8962845667,2025-05-08
U0274,ericwilliams@hotmail.com,(+61) 462 899 345,2025-02-01
U0275,beckmannhans-bernd@yahoo.de,(+49) 158 4014633,2025-04-10
U0276,brett73@hotmail.com,(+61) 467 223 312,2025-04-11
U0277,nelsonelizabeth@scott.com,(+82) 10-22492253,2025-02-26
U0278,bakerdaniel@gmail.com,(+82) 11-43385665,2025-02-28
U0279,pamela55@aol.de,(+49) 158 1292370,2025-06-08
U0280,divijhans@kapur.com,(+91) 9582186802,2025-05-27
U0281,stanislaw15@gotthard.com,(+49) 159 4993424,2025-01-05
U0282,qsato@hotmail.com,(+81) 85-70549040,2025-06-14
U0283,ana-sofiapalma@gmail.com,(+34) 683 391355,2025-04-04
U0284,hbarnes@garcia.com,(+1) 712 535 1753,2025-02-05
U0285,noemi36@bouygtel.fr,(+33) 7 18 8256043,2025-02-02
U0286,da-mataluiz-miguel@yahoo.com.br,(+55) 72 92709-4023,2025-06-03
U0287,hans-walterharloff@christoph.de,(+49) 159 1770953,2025-06-09
U0288,minoruendo@yahoo.com,(+81) 71-17486895,2025-03-13
U0289,matthew33@lee.com,(+1) 284 764 8885,2025-03-17
U0290,utakahashi@takahashi.com,(+81) 77-97435099,2025-02-24
U0291,victorino02@garmendia-bernal.com,(+34) 629 825034,2025-05-17
U0292,hallmelissa@williams.info,(+1) 372 539 9193,2025-04-26
U0293,rcox@hotmail.com,(+82) 10-94719099,2025-06-05
U0294,mikishimizu@yamamoto.com,(+81) 76-59254081,2025-03-23
U0295,caua65@ribeiro.br,(+55) 44 96598-8216,2025-03-26
U0296,michael69@yahoo.com,(+1) 778 486 4337,2025-05-03
U0297,williamsnyder@west-jennings.com,(+1) 504 847 9611,2025-04-19
U0298,davieskristin@jenkins.com,(+82) 10-26690655,2025-01-11
U0299,olsonmelissa@hotmail.com,(+1) 256 653 2180,2025-06-28
U0300,loida99@gmail.com,(+34) 630 348868,2025-02-04
U0301,hilario97@yahoo.com,(+34) 640 810916,2025-05-17
U0302,maribelvera@gmail.com,(+34) 602 260030,2025-01-06
U0303,hnewton@jordan.com,(+1) 252 444 8621,2025-01-21
U0304,sfreitas@ig.com.br,(+55) 54 94319-9977,2025-02-07
U0305,laganlata@warrior.net,(+91) 8900416117,2025-03-28
U0306,robertgray@salazar-gross.org,(+61) 454 983 372,2025-02-13
U0307,danielpereira@yahoo.com.br,(+55) 40 93547-3927,2025-01-02
U0308,vsato@yoshida.com,(+81) 87-82650508,2025-01-13
U0309,emily27@yahoo.com,(+1) 915 460 6242,2025-02-20
U0310,collinsjustin@hotmail.com,(+61) 459 848 815,2025-01-21
U0311,denis29@roger.net,(+33) 6 42 3750911,2025-01-02
U0312,aimeeramos@dbmail.com,(+33) 7 55 4604770,2025-04-11
U0313,anne44@gmail.com,(+82) 11-62300144,2025-02-15
U0314,vitoria14@ig.com.br,(+55) 92 91026-1720,2025-03-08
U0315,gregoryowens@williams-burke.net,(+1) 253 959 7137,2025-02-13
U0316,aurelie42@lebon.com,(+33) 6 79 8192762,2025-02-23
U0317,dmatthews@gmail.com,(+1) 248 749 8857,2025-02-05
U0318,russelljanice@hotmail.com,(+1) 403 674 5390,2025-05-24
U0319,beltranjulia@gmail.com,(+82) 10-25710808,2025-02-26
U0320,colemanchad@padilla.net,(+1) 777 200 6720,2025-03-01
U0321,luigi22@porto.br,(+55) 67 95535-2016,2025-05-22
U0322,simpsonantonio@forbes.biz,(+82) 10-93627255,2025-01-03
U0323,hideki20@kimura.jp,(+81) 71-71990022,2025-05-23
U0324,gabor50@roht.de,(+49) 156 3920109,2025-03-30
U0325,cathleen49@wagenknecht.com,(+49) 155 2255174,2025-06-25
U0326,julia42@gmail.com,(+55) 47 91416-7882,2025-03-31
U0327,augerclaudine@ifrance.com,(+33) 7 53 8427309,2025-06-30
U0328,ribeiromilena@da.com,(+55) 42 94947-9987,2025-06-29
U0329,sharpdavid@avila-obrien.biz,(+82) 10-61375823,2025-01-31
U0330,bianca69@uol.com.br,(+55) 23 91599-6567,2025-01-13
U0331,jeffreydickerson@harris.com,(+1) 729 368 8669,2025-05-27
U0332,jenkinstim@abbott.com.au,(+61) 451 520 701,2025-01-27
U0333,bhansen@hotmail.com,(+1) 758 849 4276,2025-01-20
U0334,dcastillo@yahoo.com,(+1) 610 952 1540,2025-03-11
U0335,ptschentscher@jaekel.de,(+49) 154 3750710,2025-04-19
U0336,xmadden@alvarado.com,(+82) 10-97074530,2025-01-15
U0337,chiyo49@hotmail.com,(+81) 86-43147618,2025-02-06
U0338,petitgregoire@ifrance.com,(+33) 7 81 8947498,2025-06-18
U0339,noeljean@orange.fr,(+33) 7 37 7718138,2025-03-20
U0340,zsteinberg@gmail.com,(+49) 151 8416644,2025-01-09
U0341,angelesvalbuena@pineda.es,(+34) 695 883423,2025-01-17
U0342,teresa20@gmail.com,(+82) 10-84948633,2025-03-10
U0343,qbail@gmail.com,(+91) 8659694334,2025-05-23
U0344,sylviawaters@nielsen-kramer.net,(+1) 770 972 8187,2025-06-08
U0345,hallrandy@hotmail.com,(+82) 11-15044710,2025-03-15
U0346,jeanne00@gmail.com,(+33) 6 36 6921149,2025-06-02
U0347,paul88@gardner.biz,(+1) 794 539 9821,2025-02-08
U0348,veronicaizaguirre@sevilla.com,(+34) 682 872112,2025-03-06
U0349,richardslindsay@snyder.biz,(+1) 865 290 5271,2025-01-16
U0350,hartpaul@gmail.com,(+1) 256 360 7497,2025-01-01
U0351,dehmelkrzysztof@wilmsen.com,(+49) 155 6050882,2025-05-02
U0352,doeringannelise@aol.de,(+49) 159 5646845,2025-05-28
U0353,maciasamber@garcia.com,(+1) 278 886 8350,2025-01-20
U0354,yutayamamoto@sasaki.net,(+81) 84-17886774,2025-04-08
U0355,qferreira@nunes.org,(+55) 12 95366-4363,2025-02-17
U0356,goncalvesvitor@uol.com.br,(+55) 80 99794-9076,2025-04-11
U0357,nilswesack@yahoo.de,(+49) 153 3524122,2025-03-29
U0358,margaret70@charles.net,(+33) 7 99 4026818,2025-05-02
U0359,alexandra77@barrett.com,(+1) 407 538 6956,2025-05-18
U0360,ralftrommler@gmail.com,(+49) 159 6707681,2025-03-11
U0361,jamesferguson@bishop.biz,(+1) 720 378 4837,2025-01-28
U0362,stephen17@scott.org,(+82) 10-44702410,2025-02-05
U0363,nbooth@hotmail.com.au,(+61) 467 455 674,2025-03-05
U0364,kellyburns@fisher-preston.com,(+1) 384 224 3911,2025-01-08
U0365,maximo17@falcon.es,(+34) 669 142892,2025-06-02
U0366,yanderson@duncan-moody.info,(+61) 436 294 175,2025-05-25
U0367,shray40@gmail.com,(+91) 8731652623,2025-03-01
U0368,sgierschner@yahoo.de,(+49) 152 4180484,2025-05-20
U0369,agathemarechal@yahoo.fr,(+33) 7 98 7628610,2025-06-28
U0370,douglassandoval@hughes.info,(+61) 424 743 149,2025-03-21
U0371,logankelly@hotmail.com,(+1) 417 941 1451,2025-01-23
U0372,usathe@yahoo.com,(+91) 9284962062,2025-04-02
U0373,krishsamarth@yahoo.com,(+91) 9217778384,2025-01-09
U0374,nicholsdaniel@hotmail.com,(+61) 417 965 321,2025-02-11
U0375,wardtimothy@gmail.com,(+1) 436 973 9678,2025-01-14
U0376,ksales@sales.com,(+55) 69 99186-3427,2025-01-29
U0377,olivier64@club-internet.fr,(+33) 7 13 4802945,2025-01-03
U0378,tomoyamori@gmail.com,(+81) 88-49322671,2025-04-05
U0379,donnasmith@yahoo.com.au,(+61) 423 385 520,2025-06-12
U0380,hiransem@gmail.com,(+91) 7672346663,2025-02-01
U0381,wagnerjason@gmail.com,(+61) 437 544 471,2025-06-03
U0382,miurakenichi@hotmail.com,(+81) 79-98034750,2025-06-01
U0383,jeffrey63@yahoo.com,(+82) 11-47083835,2025-02-19
U0384,anaya79@lad.net,(+91) 9287782373,2025-01-19
U0385,borastuvan@hotmail.com,(+91) 9469698166,2025-03-22
U0386,jeffrey66@cooper.info,(+82) 10-38970825,2025-06-02
U0387,marcelklein@laposte.net,(+33) 6 75 1076102,2025-03-07
U0388,enoel@noos.fr,(+33) 6 85 8475139,2025-05-13
U0389,richardmorris@hughes.com,(+1) 487 240 9381,2025-03-25
U0390,adieguez@sainz-martinez.es,(+34) 671 563590,2025-04-18
U0391,vivaanraman@setty.com,(+91) 9317205969,2025-01-31
U0392,amyanderson@gmail.com,(+1) 968 278 8046,2025-06-27
U0393,traorezoe@live.com,(+33) 6 27 2739302,2025-02-06
U0394,george70@gomez.edu.au,(+61) 414 955 407,2025-05-12
U0395,hassogerlach@gmx.de,(+49) 157 6089440,2025-05-23
U0396,kristenjacobs@mathews.biz,(+61) 419 874 920,2025-03-31
U0397,ookamoto@ito.jp,(+81) 88-16758976,2025-03-20
U0398,mbonnet@laposte.net,(+33) 6 93 2079953,2025-01-01
U0399,umendes@besson.net,(+33) 7 44 4831249,2025-03-22
U0400,jstriebitz@aol.de,(+49) 156 9627290,2025-02-25
U0401,teofilo37@vicens.es,(+34) 676 898891,2025-03-21
U0402,maite48@gmail.com,(+34) 602 302986,2025-03-13
U0403,dcurry@hotmail.com,(+1) 315 604 3870,2025-02-11
U0404,florence15@auch.de,(+49) 155 3634408,2025-01-17
U0405,efrainsanmiguel@yahoo.com,(+34) 652 285448,2025-05-20
U0406,fredericparis@tele2.fr,(+33) 7 87 6243246,2025-03-06
U0407,avan-der-dussen@groettner.de,(+49) 159 2713472,2025-02-26
U0408,carlos-eduardo42@hotmail.com,(+55) 71 93794-7498,2025-06-10
U0409,minoru26@yahoo.com,(+81) 75-17082235,2025-06-04
U0410,pietro44@hotmail.com,(+55) 46 95703-2841,2025-05-10
U0411,lfrederick@green.biz,(+82) 10-68111320,2025-04-06
U0412,hloeffler@radisch.de,(+49) 153 2790764,2025-04-25
U0413,brent17@fox-horne.net,(+1) 371 579 1283,2025-02-24
U0414,psuzuki@nakagawa.com,(+81) 70-50510033,2025-01-31
U0415,aldo18@googlemail.com,(+49) 157 1065642,2025-02-07
U0416,kaitlin92@newton.com,(+1) 760 774 2208,2025-04-10
U0417,luna16@melo.com,(+55) 86 95162-4973,2025-05-25
U0418,cardosojulia@freitas.com,(+55) 56 92672-9190,2025-01-11
U0419,adeliachamorro@gmail.com,(+34) 640 970765,2025-04-09
U0420,valerio07@linares.org,(+34) 655 849173,2025-01-22
U0421,kcardoso@lima.com,(+55) 26 97203-9192,2025-05-04
U0422,pedrosaadora@hotmail.com,(+34) 631 652686,2025-04-16
U0423,kanderson@walter.net.au,(+61) 429 417 568,2025-01-02
U0424,morelclaudine@live.com,(+33) 7 69 9557669,2025-06-15
U0425,markdowerg@yahoo.de,(+49) 153 2241085,2025-03-24
U0426,friedrich-wilhelm16@muehle.com,(+49) 151 7327879,2025-06-06
U0427,jillian25@hotmail.com,(+1) 249 883 7273,2025-04-26
U0428,roy98@hotmail.com,(+82) 11-20782078,2025-06-28
U0429,denisecunningham@smith.net,(+1) 556 608 3855,2025-02-11
U0430,uhinton@graham.info,(+1) 921 262 1595,2025-06-21
U0431,sergei70@warmer.de,(+49) 154 9547648,2025-01-29
U0432,bellohernando@gmail.com,(+34) 697 169395,2025-03-22
U0433,debbieschneider@sullivan.biz,(+1) 982 809 5097,2025-04-20
U0434,kdavis@hotmail.com,(+1) 630 747 4605,2025-05-24
U0435,henrietteguillet@barre.net,(+33) 6 85 6221793,2025-03-09
U0436,charlessalazar@lin-parker.com,(+1) 952 213 2691,2025-01-22
U0437,da-costaalexandre@barros.br,(+55) 86 98307-1368,2025-06-23
U0438,ramossophie@yahoo.com.br,(+55) 66 95792-5184,2025-01-02
U0439,andradecalixta@ferran-bernal.net,(+34) 632 253018,2025-05-23
U0440,whitebrandon@hotmail.com,(+61) 499 709 721,2025-03-27
U0441,rose86@lowe.com,(+82) 10-67602135,2025-05-20
U0442,jun68@yahoo.com,(+81) 70-46096915,2025-02-24
U0443,da-pazthiago@yahoo.com.br,(+55) 37 93155-7183,2025-03-09
U0444,cjohnson@conrad.info,(+61) 496 446 637,2025-02-16
U0445,nelsonvicki@rhodes.edu,(+61) 462 569 955,2025-04-26
U0446,cindywilliams@yahoo.com,(+82) 11-72526966,2025-03-14
U0447,duvalgregoire@ollivier.org,(+33) 6 91 2216266,2025-03-27
U0448,primitiva64@hotmail.com,(+34) 673 478334,2025-03-26
U0449,jimenezdouglas@lyons.com,(+1) 462 414 1782,2025-03-16
U0450,sotarokimura@gmail.com,(+81) 71-87203235,2025-05-29
U0451,chretienmartine@tele2.fr,(+33) 6 29 3815641,2025-03-26
U0452,nklein@tele2.fr,(+33) 7 26 7761895,2025-02-04
U0453,lucio33@azcona.es,(+34) 675 212137,2025-02-21
U0454,iyersaanvi@gmail.com,(+91) 7905139278,2025-03-22
U0455,operrot@baron.com,(+33) 7 53 2862586,2025-01-19
U0456,sawyeralexander@yahoo.com,(+82) 11-45202000,2025-04-20
U0457,ubonilla@yahoo.com.au,(+61) 421 317 882,2025-03-03
U0458,danielamelo@bol.com.br,(+55) 29 91420-6002,2025-01-15
U0459,qkelley@boyd.net,(+1) 649 646 1332,2025-03-24
U0460,mooreeric@gmail.com,(+1) 328 629 1645,2025-03-03
U0461,sbeckmann@gmx.de,(+49) 154 1588291,2025-04-20
U0462,icaldwell@gmail.com,(+61) 448 374 155,2025-03-22
U0463,gokul29@yahoo.com,(+91) 8807578690,2025-04-05
U0464,carmelo92@romero-peral.com,(+34) 693 789289,2025-01-14
U0465,nogueirafrancisco@bol.com.br,(+55) 34 96130-5804,2025-01-04
U0466,epifaniofont@reina.net,(+34) 693 837869,2025-04-15
U0467,xnogueira@da.net,(+55) 94 90296-7914,2025-02-02
U0468,qhaering@aol.de,(+49) 156 7783344,2025-06-14
U0469,luis25@yahoo.com,(+34) 601 943211,2025-03-23
U0470,christian20@bryan.net,(+61) 466 166 245,2025-05-06
U0471,leleumarc@jacob.com,(+33) 6 25 3841376,2025-03-12
U0472,gwoodward@floyd.com,(+1) 713 841 1031,2025-05-16
U0473,jolypaul@guillot.com,(+33) 7 84 6071528,2025-04-04
U0474,sota@hotmail.com,(+81) 83-61787824,2025-01-12
U0475,takahashimiki@hashimoto.jp,(+81) 89-49592384,2025-03-02
U0476,riveraemiliano@yahoo.com,(+34) 670 614148,2025-01-17
U0477,laurieclark@johnson.info,(+82) 10-75799182,2025-05-05
U0478,corinna42@gmail.com,(+49) 155 9941149,2025-04-29
U0479,wcarson@yahoo.com,(+82) 11-33843061,2025-06-13
U0480,pdrub@bonbach.com,(+49) 152 4352267,2025-02-16
U0481,frederick24@gmail.com,(+1) 681 386 1585,2025-01-30
U0482,maria-clarasilveira@yahoo.com.br,(+55) 51 95809-1729,2025-02-18
U0483,qdoyle@kelley.com,(+82) 10-84253830,2025-06-11
U0484,matsumotokaori@yamaguchi.com,(+81) 74-86180916,2025-01-30
U0485,dudleyjacob@hotmail.com,(+1) 265 886 1074,2025-03-03
U0486,larry63@yahoo.com,(+61) 450 910 768,2025-05-20
U0487,angelajensen@murphy.biz,(+1) 465 653 2666,2025-02-21
U0488,colleen09@mckay-olson.com,(+1) 551 277 3972,2025-06-05
U0489,suzukitomoya@gmail.com,(+81) 77-60353141,2025-03-13
U0490,natascha92@gmx.de,(+49) 157 8029524,2025-02-15
U0491,qpoole@hotmail.com,(+1) 881 409 3844,2025-03-06
U0492,mackjoseph@sullivan.com,(+82) 10-31221702,2025-06-12
U0493,watanabetomoya@sato.com,(+81) 74-17010520,2025-02-22
U0494,phernandez@gmail.com,(+1) 479 543 5242,2025-05-01
U0495,rmccoy@crawford.com,(+1) 819 453 9022,2025-04-23
U0496,davisjoshua@vega.com,(+82) 10-39588390,2025-06-14
U0497,timothy50@gmail.com,(+1) 987 995 2135,2025-06-06
U0498,bilbaoainoa@lledo-amigo.com,(+34) 602 173575,2025-04-22
U0499,ines19@rossi.fr,(+33) 7 16 9145234,2025-04-05
U0500,brenda80@anderson-walton.info,(+82) 11-20187773,2025-04-26
U0501,anthony61@patton-graham.info,(+61) 414 473 681,2025-02-26
U0502,arthurda-mota@goncalves.com,(+55) 88 91039-9494,2025-06-24
U0503,wprice@wright.org.au,(+61) 426 488 596,2025-04-22
U0504,hanako93@sato.com,(+81) 81-93906650,2025-06-30
U0505,gonzalezchristopher@rowe.com,(+1) 204 694 6896,2025-04-13
U0506,kunobolander@gehringer.net,(+49) 153 7567968,2025-02-13
U0507,da-costathales@gmail.com,(+55) 98 94391-3072,2025-04-09
U0508,william87@santos.com,(+61) 461 401 890,2025-06-24
U0509,juan70@monteiro.br,(+55) 81 99457-4551,2025-01-23
U0510,kleinrichard@hotmail.com,(+82) 10-15013369,2025-05-05
U0511,sakamotoyosuke@hotmail.com,(+81) 90-43672699,2025-01-17
U0512,shota09@yamaguchi.net,(+81) 85-45178962,2025-06-14
U0513,ayeshasubramanian@hotmail.com,(+91) 9334370839,2025-02-07
U0514,ira35@dubey.info,(+91) 7727148817,2025-01-21
U0515,paulawilcox@evans.info,(+1) 504 730 8353,2025-06-25
U0516,nuneslucca@uol.com.br,(+55) 94 92825-8116,2025-03-18
U0517,yduhamel@yahoo.fr,(+33) 6 83 5527328,2025-04-02
U0518,nicolasnogueira@pinto.com,(+55) 76 94148-6026,2025-03-02
U0519,majumdaruthkarsh@gmail.com,(+91) 8841822494,2025-03-11
U0520,nsuarez@russell.com,(+1) 433 268 1757,2025-05-20
U0521,eduardscholl@peukert.com,(+49) 156 9778356,2025-03-11
U0522,itokumiko@inoue.jp,(+81) 84-28588970,2025-04-25
U0523,dtiwari@gmail.com,(+91) 9673153640,2025-05-10
U0524,aleksandar78@otto.net,(+49) 159 8612033,2025-02-13
U0525,stonealexis@fritz.edu,(+61) 444 815 308,2025-06-11
U0526,yasmin52@hotmail.com,(+91) 8701075860,2025-02-23
U0527,henrigarcia@ifrance.com,(+33) 7 88 5955928,2025-03-29
U0528,vwilson@gmail.com,(+1) 861 691 5709,2025-01-03
U0529,travisallen@young-reed.net.au,(+61) 447 868 166,2025-04-19
U0530,sofia86@fajardo.org,(+34) 600 876278,2025-04-18
U0531,dsampath@goel.biz,(+91) 9867401250,2025-03-31
U0532,anna-lenakaul@hiller.net,(+49) 152 1257723,2025-05-07
U0533,qcook@kaiser.org,(+1) 507 836 9388,2025-05-22
U0534,mirellamartins@hotmail.com,(+55) 99 92741-5205,2025-01-16
U0535,hideki73@yamamoto.jp,(+81) 80-94171728,2025-06-22
U0536,sotaro31@yamamoto.jp,(+81) 89-15833204,2025-06-07
U0537,lagan30@ratta.com,(+91) 8930960028,2025-05-18
U0538,tgnatz@davids.de,(+49) 154 1131366,2025-05-08
U0539,wmarshall@hotmail.com,(+1) 908 776 5606,2025-04-05
U0540,mathilde58@meunier.org,(+33) 7 15 4056309,2025-01-12
U0541,jbolnbach@albers.net,(+49) 151 8997994,2025-01-07
U0542,nazevedo@hotmail.com,(+55) 36 95690-1749,2025-02-16
U0543,troy09@george-allen.com,(+1) 858 786 3405,2025-03-12
U0544,esther89@novaes.com,(+55) 96 95645-5789,2025-04-21
U0545,bsilveira@aragao.com,(+55) 90 94442-5597,2025-02-10
U0546,agnes78@dbmail.com,(+33) 7 25 9060685,2025-02-09
U0547,bryanbush@hotmail.com,(+1) 691 721 2298,2025-05-07
U0548,robertmiller@hotmail.com,(+1) 465 858 8822,2025-02-09
U0549,heloisateixeira@cavalcanti.net,(+55) 16 94481-7406,2025-06-22
U0550,hideki56@yahoo.com,(+81) 77-45250563,2025-03-29
U0551,lfitzgerald@hunter.info,(+1) 811 878 1920,2025-05-14
U0552,kazuya60@ishii.jp,(+81) 74-28259408,2025-01-13
U0553,matthew31@hotmail.com,(+61) 475 430 734,2025-06-04
U0554,perrinphilippine@paris.com,(+33) 7 84 5314414,2025-04-05
U0555,hklein@hotmail.com,(+1) 443 772 1603,2025-06-10
U0556,dianacarrion@gmail.com,(+34) 617 166998,2025-05-24
U0557,vditschlerin@heintze.com,(+49) 151 8546353,2025-06-22
U0558,frederickrivera@bell.org,(+1) 361 275 3067,2025-06-14
U0559,kyle85@hotmail.com,(+1) 487 489 6411,2025-06-01
U0560,garaaniruddh@yahoo.com,(+91) 8384885966,2025-06-23
U0561,loecheltabea@etzler.com,(+49) 156 5273513,2025-02-15
U0562,qlucas@yahoo.fr,(+33) 7 64 7776584,2025-02-11
U0563,joseph10@mooney-cohen.com,(+1) 997 276 8527,2025-04-23
U0564,ramanathanaradhya@gmail.com,(+91) 8283157789,2025-01-14
U0565,yasuhirosakamoto@yahoo.com,(+81) 85-54176629,2025-02-27
U0566,dtaylor@hurley-holt.edu.au,(+61) 451 365 367,2025-02-04
U0567,chaneypamela@rios-oneill.com,(+82) 10-24482554,2025-03-18
U0568,vardaniyakorpal@yahoo.com,(+91) 9105381075,2025-01-12
U0569,lcoleman@hartman.com.au,(+61) 474 607 926,2025-03-01
U0570,trau@yahoo.com,(+91) 8279352348,2025-01-06
U0571,ramazaneberth@stahr.de,(+49) 158 5739848,2025-01-29
U0572,daniel36@dunn.info,(+82) 11-50355934,2025-05-13
U0573,naoto47@gmail.com,(+81) 70-92196864,2025-02-04
U0574,lopesisaac@hotmail.com,(+55) 33 95985-6351,2025-04-18
U0575,hrastogi@hotmail.com,(+91) 9335217721,2025-02-12
U0576,raynaudrenee@bouygtel.fr,(+33) 7 30 8071512,2025-01-29
U0577,jun77@saito.com,(+81) 83-37924020,2025-05-11
U0578,kcardenas@gmail.com,(+1) 304 364 8043,2025-03-07
U0579,kyle22@wilson-white.org,(+1) 782 637 7233,2025-01-06
U0580,bvarghese@yahoo.com,(+91) 8660843829,2025-03-29
U0581,marine41@yahoo.fr,(+33) 7 81 9727098,2025-02-23
U0582,carlsonkelsey@yahoo.com,(+82) 11-15722643,2025-02-21
U0583,johnarnold@mckinney.edu.au,(+61) 406 533 360,2025-05-02
U0584,hsans@gmail.com,(+34) 656 982773,2025-02-12
U0585,jessica21@gardner-woods.com,(+82) 11-81831529,2025-02-26
U0586,martintara@simpson-nolan.com,(+1) 487 862 6962,2025-06-12
U0587,calderonbrent@yahoo.com.au,(+61) 435 963 756,2025-04-29
U0588,aaronclayton@faulkner.com,(+61) 400 884 791,2025-02-05
U0589,alexandremarguerite@free.fr,(+33) 7 46 6571047,2025-01-11
U0590,ryanchristopher@hotmail.com,(+1) 956 295 4657,2025-04-25
U0591,robert69@gmail.com,(+82) 11-26562077,2025-02-08
U0592,kelly65@walters-valenzuela.com,(+1) 435 626 5687,2025-01-26
U0593,nda-rocha@ig.com.br,(+55) 56 91887-5506,2025-01-17
U0594,octaviadiaz@dominguez.org,(+34) 674 264587,2025-03-08
U0595,ccharpentier@dupuy.fr,(+33) 7 70 9128682,2025-02-23
U0596,sara72@fisher.com,(+82) 11-22386655,2025-03-14
U0597,petersraymond@yahoo.com,(+1) 609 787 4272,2025-03-07
U0598,helene98@bruneau.fr,(+33) 6 33 3690202,2025-01-17
U0599,chevallierjulie@ifrance.com,(+33) 7 57 5891137,2025-01-09
U0600,thompsonmario@lopez.org,(+1) 899 865 7423,2025-06-23
U0601,ithibault@ifrance.com,(+33) 7 71 3235981,2025-04-01
U0602,sastreluisina@sancho.es,(+34) 630 660487,2025-05-24
U0603,jeremias96@uriarte.es,(+34) 628 117514,2025-04-05
U0604,xnoack@hotmail.de,(+49) 159 5702421,2025-02-27
U0605,petersennicholas@underwood.com,(+82) 10-72679299,2025-02-05
U0606,da-matavitor-hugo@bol.com.br,(+55) 76 92667-7999,2025-02-10
U0607,umate@hotmail.com,(+34) 629 265946,2025-02-05
U0608,tranlinda@sherman-king.com,(+1) 837 951 2172,2025-06-18
U0609,frankmelissa@dunn.com,(+1) 699 622 7753,2025-02-14
U0610,randy99@davis-sanders.biz,(+82) 11-53081457,2025-01-09
U0611,jimmyoliver@hernandez.com,(+82) 11-78894688,2025-05-06
U0612,williamsmelanie@hotmail.com,(+1) 854 998 7699,2025-03-08
U0613,barrealex@tiscali.fr,(+33) 6 88 8635826,2025-02-16
U0614,angelesaleman@guitart.es,(+34) 632 323602,2025-06-02
U0615,bonifacio63@yahoo.com,(+34) 667 979681,2025-04-04
U0616,stakahashi@gmail.com,(+81) 89-42879896,2025-06-05
U0617,piresstephany@gmail.com,(+55) 17 92510-1224,2025-06-24
U0618,stuvankrishna@gmail.com,(+91) 8768332979,2025-06-09
U0619,divitkulkarni@rege.org,(+91) 9414695123,2025-01-17
U0620,glee@yahoo.com,(+1) 325 482 8910,2025-01-29
U0621,birnbaumida@web.de,(+49) 154 8496086,2025-05-21
U0622,ehsaantara@chana-chacko.com,(+91) 9914012415,2025-01-17
U0623,sehersachdev@hegde-brar.com,(+91) 7464813275,2025-01-26
U0624,adele50@salmon.fr,(+33) 7 43 2090947,2025-03-15
U0625,lemaitreandre@tele2.fr,(+33) 6 56 7885368,2025-06-30
U0626,freitasjoana@da.com,(+55) 29 92205-4761,2025-01-13
U0627,terriwood@wagner-decker.com,(+1) 781 669 3144,2025-02-02
U0628,yuvraj-78@gopal.com,(+91) 8957744620,2025-06-18
U0629,cardosoelisa@castro.net,(+55) 61 90782-5441,2025-01-16
U0630,myra47@thaker.biz,(+91) 8443034907,2025-05-04
U0631,silveiramanuela@gmail.com,(+55) 31 93775-9335,2025-01-06
U0632,monteiroeduardo@ig.com.br,(+55) 53 95710-3947,2025-06-06
U0633,phuang@hotmail.com,(+1) 798 636 6436,2025-04-27
U0634,meloenrico@ramos.com,(+55) 84 90639-2700,2025-01-20
U0635,amybradley@arellano-hall.com,(+1) 695 418 5279,2025-03-16
U0636,theresamcdaniel@jones.com,(+82) 10-19416363,2025-04-10
U0637,manu56@gmail.com,(+34) 681 868472,2025-02-04
U0638,denisesaunders@yahoo.com,(+61) 432 403 120,2025-03-17
U0639,inouerika@hotmail.com,(+81) 86-54380853,2025-03-23
U0640,fnorris@wood.net,(+1) 558 277 1443,2025-02-25
U0641,molinsisidoro@gmail.com,(+34) 670 556979,2025-03-17
U0642,aaryahi28@hotmail.com,(+91) 8719243972,2025-03-04
U0643,marcos-vinicius10@hotmail.com,(+55) 46 99437-7491,2025-04-21
U0644,trivedianay@khanna.com,(+91) 7623109508,2025-06-04
U0645,paulinegregoire@bouygtel.fr,(+33) 7 13 8928910,2025-04-11
U0646,pasqualeschweitzer@gmail.com,(+49) 156 5856337,2025-01-13
U0647,barbara33@lawson.info,(+82) 11-45092591,2025-02-02
U0648,ferreiramatheus@hotmail.com,(+55) 57 96608-9744,2025-01-29
U0649,harpertammy@hotmail.com,(+1) 299 294 6114,2025-04-04
U0650,bourgeoiselisabeth@martins.org,(+33) 7 10 4217268,2025-01-07
U0651,thomasmathis@hotmail.com,(+61) 489 704 451,2025-02-22
U0652,jamestaylor@yahoo.com,(+61) 435 690 901,2025-04-29
U0653,scameron@cook.com,(+1) 674 683 7326,2025-03-15
U0654,dhanuk16@choudhury.com,(+91) 7859941698,2025-05-14
U0655,noah60@gonzalez.org,(+1) 504 342 6079,2025-03-30
U0656,ian59@yahoo.com.br,(+55) 53 91690-4006,2025-03-15
U0657,toni01@hotmail.com,(+82) 10-19475116,2025-06-02
U0658,aubertdorothee@fleury.net,(+33) 6 55 8664081,2025-03-30
U0659,staceymckee@miller.com,(+82) 11-85281457,2025-05-28
U0660,bchapman@harrison-smith.net.au,(+61) 492 640 773,2025-02-18
U0661,kellycobb@gmail.com,(+1) 912 766 9866,2025-01-08
U0662,dagmarmitschke@bluemel.com,(+49) 154 2678363,2025-05-13
U0663,constance24@gmx.de,(+49) 152 4720702,2025-03-07
U0664,velezvenceslas@rocha.com,(+34) 646 695251,2025-03-25
U0665,larrykramer@yahoo.com.au,(+61) 454 163 146,2025-05-24
U0666,dewanchirag@kota.net,(+91) 7615047858,2025-06-18
U0667,ferminyuste@haro.org,(+34) 671 135940,2025-05-28
U0668,qcaldwell@schwartz.com,(+1) 662 234 5068,2025-02-04
U0669,aitor51@hotmail.com,(+34) 690 154246,2025-04-11
U0670,broberts@jackson.com.au,(+61) 488 188 232,2025-04-25
U0671,latamannat@bhakta.info,(+91) 7701520367,2025-01-12
U0672,brodriguez@gmail.com,(+61) 419 774 981,2025-06-25
U0673,maria-cristina98@gmail.com,(+34) 670 965628,2025-03-18
U0674,yuifujiwara@sasaki.com,(+81) 82-82208429,2025-01-12
U0675,isolde78@hotmail.de,(+49) 156 8972045,2025-01-02
U0676,matasegismundo@hotmail.com,(+34) 690 745139,2025-01-08
U0677,nogueiramiguel@gomes.org,(+55) 37 99893-3846,2025-01-25
U0678,maria-julia56@farias.br,(+55) 58 95595-9688,2025-01-04
U0679,wmckinney@lopez-porter.org,(+1) 396 872 1515,2025-03-04
U0680,techerrene@dupont.org,(+33) 6 95 8405692,2025-04-28
U0681,mamooty77@yahoo.com,(+91) 8263540653,2025-06-17
U0682,aradhya91@kapadia.com,(+91) 8195769883,2025-02-20
U0683,sabrinarojas@nelson-miller.com,(+1) 356 569 5293,2025-01-21
U0684,voisinsebastien@grondin.fr,(+33) 7 35 2777129,2025-06-06
U0685,oliviaribeiro@gmail.com,(+55) 14 96734-2456,2025-05-12
U0686,walli20@web.de,(+49) 154 6958902,2025-02-08
U0687,raymondroberts@hull.org,(+82) 10-96198071,2025-02-01
U0688,ucontractor@yahoo.com,(+91) 8856199081,2025-02-13
U0689,ttella@hotmail.com,(+91) 8146029255,2025-01-08
U0690,fergusonmelanie@robles-chambers.com,(+82) 10-68354783,2025-06-19
U0691,deepcharvi@hotmail.com,(+91) 9873476583,2025-06-09
U0692,margaret29@bouygtel.fr,(+33) 6 53 7949310,2025-04-25
U0693,loefflerslobodan@foerster.de,(+49) 156 7720269,2025-01-15
U0694,johnhoward@hall.com,(+82) 11-63572660,2025-05-18
U0695,mkimura@hotmail.com,(+81) 72-60818385,2025-05-19
U0696,uthkarshraju@yahoo.com,(+91) 8879757708,2025-04-22
U0697,natalia82@pla-puig.net,(+34) 686 896523,2025-02-24
U0698,wjuarez@garcia.com,(+1) 914 755 5308,2025-04-12
U0699,sheilaroman@escobar.com,(+1) 549 322 9016,2025-02-16
U0700,michele25@hotmail.fr,(+33) 6 77 4110759,2025-02-12
U0701,maria-alice52@dias.br,(+55) 28 99331-1242,2025-03-10
U0702,richard15@dixon.info,(+1) 811 554 1042,2025-04-30
U0703,margueritecousin@ramos.fr,(+33) 7 25 6743793,2025-04-03
U0704,karina99@rangel.com,(+1) 817 523 3495,2025-06-08
U0705,tarosaito@hasegawa.com,(+81) 86-31775204,2025-02-04
U0706,trillopedro@gmail.com,(+34) 626 855547,2025-06-05
U0707,rodriguezkendra@yahoo.com.au,(+61) 481 301 880,2025-01-12
U0708,maria-fernandabarbosa@alves.com,(+55) 46 98234-7513,2025-03-17
U0709,jeanne30@yahoo.com,(+82) 10-10566206,2025-01-17
U0710,gatikchanda@gmail.com,(+91) 8969481872,2025-03-15
U0711,severianomurillo@yahoo.com,(+34) 695 707761,2025-03-02
U0712,mcardoso@peixoto.br,(+55) 47 93420-9024,2025-05-18
U0713,ijenkins@gmail.com,(+82) 10-92831571,2025-03-15
U0714,claralopes@cavalcanti.com,(+55) 68 96128-5663,2025-01-12
U0715,alain46@pruvost.org,(+33) 7 28 8558663,2025-02-21
U0716,michaelschultz@gmail.com,(+82) 10-73951184,2025-06-06
U0717,micheleross@stevenson.com,(+1) 350 254 7199,2025-05-16
U0718,rcharpentier@boutin.com,(+33) 7 59 7129886,2025-02-28
U0719,emily67@hunter.com,(+82) 10-80394535,2025-06-19
U0720,sosaallison@gmail.com,(+1) 393 955 7359,2025-04-12
U0721,blinluce@roussel.net,(+33) 7 92 5295082,2025-03-13
U0722,woodwardrussell@mitchell.net,(+61) 445 684 202,2025-06-17
U0723,carrkatie@price.org,(+1) 568 924 9991,2025-06-12
U0724,vitoria85@da.br,(+55) 92 92895-6215,2025-06-05
U0725,tejaschacko@bumb.com,(+91) 9761435240,2025-03-07
U0726,alisha96@kalita.com,(+91) 7251443549,2025-03-11
U0727,asuka74@goto.jp,(+81) 82-76770470,2025-01-11
U0728,rileyblake@montoya-davis.com,(+1) 690 270 4871,2025-03-02
U0729,taichiyamazaki@hotmail.com,(+81) 83-68520145,2025-04-30
U0730,dominguezhugo@hotmail.com,(+34) 669 632610,2025-06-15
U0731,fishermary@johnson-taylor.com,(+1) 876 835 6239,2025-06-23
U0732,aaurora@gmail.com,(+91) 8794808042,2025-02-14
U0733,pierre71@coste.com,(+33) 7 13 2694909,2025-06-16
U0734,vitor-gabrielfreitas@uol.com.br,(+55) 75 90120-5046,2025-04-05
U0735,kschmitt@sfr.fr,(+33) 7 44 8240363,2025-04-20
U0736,flloret@enriquez-tolosa.com,(+34) 646 255938,2025-01-01
U0737,woodrebecca@hotmail.com.au,(+61) 401 401 832,2025-01-15
U0738,julia86@garcia.org.au,(+61) 404 736 308,2025-01-30
U0739,renee37@lecoq.fr,(+33) 7 62 1455921,2025-04-29
U0740,carolgeorge@wilson.com,(+1) 734 553 7152,2025-06-24
U0741,casalsplinio@yahoo.com,(+34) 685 404109,2025-06-23
U0742,tammyboyer@nichols-fox.edu,(+61) 454 199 138,2025-06-23
U0743,oito@yahoo.com,(+81) 74-30832745,2025-03-21
U0744,henner11@kobelt.com,(+49) 154 5247667,2025-01-06
U0745,otahanako@yoshida.org,(+81) 75-22050427,2025-01-10
U0746,jameslopez@johnson-wilson.org,(+1) 293 265 7574,2025-04-09
U0747,melanie43@huynh.com,(+1) 464 626 5352,2025-04-07
U0748,utakahashi@takahashi.com,(+81) 80-63134542,2025-01-29
U0749,rita46@martin.es,(+34) 639 508066,2025-03-01
U0750,fprat@yahoo.com,(+34) 633 132591,2025-02-02
U0751,thompsonryan@yahoo.com,(+82) 10-53882793,2025-01-05
U0752,rosalinacaro@gmail.com,(+34) 631 169561,2025-03-20
U0753,zyamamoto@miura.jp,(+81) 87-25689201,2025-04-09
U0754,pcooper@stephens.net,(+82) 10-74803649,2025-06-12
U0755,rhinton@casey.edu.au,(+61) 406 901 828,2025-03-29
U0756,sairasehgal@dhar.com,(+91) 7912451390,2025-05-22
U0757,celine88@maillard.fr,(+33) 6 31 1448066,2025-04-01
U0758,rhondahunter@hernandez.org,(+82) 10-80672943,2025-06-27
U0759,tamat@oliveras.org,(+34) 667 693445,2025-03-24
U0760,wilhelmine03@gmail.com,(+49) 158 3452813,2025-06-29
U0761,kpowers@hotmail.com,(+1) 559 786 8249,2025-01-24
U0762,sureshsahil@gmail.com,(+91) 9928892038,2025-04-09
U0763,michael98@ramirez-west.com,(+82) 10-46947019,2025-06-03
U0764,bobwilliams@gmail.com,(+61) 454 991 284,2025-06-11
U0765,jle@yahoo.com.au,(+61) 437 459 374,2025-02-04
U0766,rebeca58@pires.com,(+55) 66 99025-6080,2025-04-16
U0767,zaina72@hotmail.com,(+91) 9444914175,2025-02-21
U0768,mituruabe@mori.jp,(+81) 72-65290032,2025-02-25
U0769,dgranados@hotmail.com,(+34) 607 957332,2025-04-03
U0770,sarmajivika@yahoo.com,(+91) 7355918922,2025-04-09
U0771,uwalker@patel-evans.com,(+1) 987 598 1990,2025-05-28
U0772,john75@hotmail.com,(+61) 406 390 632,2025-03-09
U0773,marquezmanuela@tomas.net,(+34) 682 869486,2025-06-05
U0774,jaredgutierrez@anderson.biz,(+1) 900 751 9457,2025-01-31
U0775,adrienne30@dbmail.com,(+33) 6 95 6066278,2025-05-14
U0776,aurelie55@bouygtel.fr,(+33) 7 93 1442049,2025-05-04
U0777,hrezende@gmail.com,(+55) 60 98721-8276,2025-05-10
U0778,william12@yahoo.com,(+82) 11-17647021,2025-02-12
U0779,angelamann@evans.org,(+1) 384 300 8908,2025-03-31
U0780,matthew07@hotmail.com,(+82) 10-94529556,2025-06-13
U0781,hazel52@hotmail.com,(+91) 7334395734,2025-01-11
U0782,monica48@gmail.com,(+1) 256 671 7036,2025-03-28
U0783,kevin79@gmail.com,(+1) 621 825 2324,2025-06-08
U0784,guillaumeaurore@marchal.com,(+33) 7 59 1920765,2025-06-21
U0785,suzukinanami@yahoo.com,(+81) 85-50310105,2025-05-07
U0786,laurasullivan@gmail.com,(+1) 660 707 5848,2025-03-30
U0787,marguerite11@hoareau.fr,(+33) 6 25 4866036,2025-01-16
U0788,combsnicole@gmail.com,(+61) 407 378 765,2025-01-17
U0789,miabrandt@yahoo.com,(+1) 765 939 8717,2025-04-09
U0790,samairakapadia@acharya-hora.com,(+91) 9359994492,2025-03-07
U0791,matthewrose@lewis-christensen.net,(+1) 316 315 8034,2025-02-17
U0792,russellelizabeth@cantu.com,(+1) 703 997 9860,2025-02-17
U0793,vigstuvan@choudhry.com,(+91) 8831442204,2025-03-06
U0794,olong@gmail.com,(+61) 438 583 152,2025-03-22
U0795,aliareddy@ramanathan.net,(+91) 9724516089,2025-03-01
U0796,david92@klein.com,(+1) 426 299 7841,2025-05-11
U0797,gutierrezrichard@wilkins.com,(+82) 10-37837133,2025-03-27
U0798,lisa96@yahoo.com,(+61) 472 668 525,2025-04-07
U0799,gundel48@web.de,(+49) 154 8839272,2025-04-27
U0800,ostafford@yahoo.com,(+82) 10-72916617,2025-02-16
U0801,ernestine90@eberth.com,(+49) 159 7382956,2025-03-14
U0802,emily38@gonzalez-ruiz.com,(+82) 11-15381360,2025-01-23
U0803,pmendoza@hall.com,(+82) 10-47483034,2025-06-18
U0804,jacobblack@yahoo.com,(+1) 920 591 1405,2025-01-24
U0805,yasuhiro47@yamada.com,(+81) 89-79568335,2025-01-16
U0806,xbonnet@voila.fr,(+33) 6 48 3501853,2025-06-20
U0807,kumikonakamura@yamada.jp,(+81) 74-22032027,2025-04-09
U0808,sstiebitz@wernecke.de,(+49) 154 4576295,2025-06-14
U0809,ryoshida@yahoo.com,(+81) 71-23736087,2025-06-20
U0810,camposelisa@gmail.com,(+55) 87 92582-1269,2025-03-27
U0811,athompson@montgomery.edu.au,(+61) 479 949 141,2025-05-06
U0812,manabu64@goto.jp,(+81) 85-20839267,2025-05-31
U0813,kanavchoudhry@kurian.com,(+91) 7796733216,2025-03-05
U0814,heidemarie17@bauer.com,(+49) 156 6749914,2025-06-24
U0815,atsushisuzuki@sato.jp,(+81) 85-14487034,2025-01-19
U0816,fabreveronique@coste.com,(+33) 7 21 5892674,2025-05-10
U0817,kimberlyadams@huerta.biz,(+61) 461 512 544,2025-02-01
U0818,allisonjohnson@hotmail.com,(+61) 491 160 616,2025-03-31
U0819,cardosoisabella@uol.com.br,(+55) 72 91466-9103,2025-05-03
U0820,roman28@palma.es,(+34) 637 804345,2025-06-21
U0821,mfoster@sherman.net.au,(+61) 402 393 656,2025-01-04
U0822,consuelaclemente@calderon.es,(+34) 601 401548,2025-05-10
U0823,haruka05@suzuki.org,(+81) 83-47352309,2025-04-06
U0824,michaelfuller@yahoo.com,(+1) 516 460 2583,2025-03-18
U0825,jasminevillarreal@gmail.com,(+82) 11-21865487,2025-04-12
U0826,cfranke@aol.de,(+49) 158 8727972,2025-04-29
U0827,amorgan@hotmail.com,(+82) 10-35544929,2025-06-09
U0828,anouk29@noos.fr,(+33) 6 35 4556353,2025-03-12
U0829,atsushi12@ikeda.com,(+81) 84-62229184,2025-02-11
U0830,leon23@mendes.fr,(+33) 6 53 6732967,2025-02-25
U0831,maiteramos@gmail.com,(+55) 42 93075-2153,2025-05-15
U0832,jacksongeorge@rodriguez.com,(+1) 481 837 8654,2025-01-16
U0833,josephellis@phelps.com,(+82) 10-17626525,2025-05-10
U0834,otashohei@mori.com,(+81) 74-46063638,2025-03-07
U0835,kashyapshaan@yahoo.com,(+91) 9467493689,2025-05-27
U0836,vigilsandra@fernandez.com,(+34) 669 221575,2025-01-31
U0837,nathanieljohnson@davis.com,(+82) 11-65555364,2025-03-09
U0838,gnogueira@melo.com,(+55) 21 91561-2162,2025-01-06
U0839,afarias@yahoo.com.br,(+55) 57 94785-8680,2025-06-29
U0840,srivastavaaayush@yahoo.com,(+91) 8336278961,2025-05-20
U0841,jeffreyoliver@huynh.com,(+82) 11-18288424,2025-04-03
U0842,debra15@tate.net,(+1) 222 739 8821,2025-06-04
U0843,domingocortes@isern.com,(+34) 627 931027,2025-01-04
U0844,brose@hotmail.com,(+1) 949 528 1981,2025-04-01
U0845,jessicamccoy@key.com,(+1) 479 688 8273,2025-01-09
U0846,hritter@groettner.org,(+49) 152 4406818,2025-01-14
U0847,stephane21@delorme.org,(+33) 6 43 2006041,2025-01-25
U0848,peixotoana-clara@bol.com.br,(+55) 28 93969-3389,2025-05-31
U0849,upires@cavalcanti.net,(+55) 38 94524-2059,2025-02-17
U0850,zmccarthy@hotmail.com,(+1) 502 856 8820,2025-01-27
U0851,toribio45@hotmail.com,(+34) 638 998798,2025-03-25
U0852,colasmartine@boulay.net,(+33) 7 38 6351326,2025-03-15
U0853,kflores@orozco.biz,(+1) 348 724 8880,2025-05-09
U0854,rasha10@yahoo.com,(+91) 9261450687,2025-02-18
U0855,adupre@lefebvre.com,(+33) 7 84 1079446,2025-01-15
U0856,banerjeezain@bora-shah.com,(+91) 9330423854,2025-02-14
U0857,gmaldonado@sanchez.biz,(+61) 438 118 615,2025-01-24
U0858,thibaultlaroche@tele2.fr,(+33) 6 47 2185690,2025-04-11
U0859,jdubois@martin.com,(+33) 6 80 4306814,2025-05-17
U0860,da-cruzvicente@rocha.br,(+55) 67 94832-3358,2025-02-08
U0861,evangelina71@hotmail.com,(+34) 696 114483,2025-04-19
U0862,pkuhl@gutknecht.com,(+49) 159 7117503,2025-02-17
U0863,theophileblanc@normand.com,(+33) 7 85 4207985,2025-03-02
U0864,yvonne72@gmx.de,(+49) 155 2872435,2025-05-12
U0865,ryosukesuzuki@hashimoto.com,(+81) 80-89526916,2025-05-25
U0866,hassanwagenknecht@eberth.de,(+49) 157 8371574,2025-05-03
U0867,msales@hotmail.com,(+55) 53 93533-3588,2025-02-12
U0868,romil59@hotmail.com,(+91) 7653672613,2025-04-08
U0869,jordanwillie@lopez.com,(+1) 615 255 6418,2025-03-07
U0870,naokiyamazaki@hotmail.com,(+81) 72-71098724,2025-05-18
U0871,charvi00@yahoo.com,(+91) 8965217028,2025-04-23
U0872,dorotheeboucher@collet.com,(+33) 7 65 5680130,2025-01-06
U0873,da-conceicaoisaac@bol.com.br,(+55) 12 94725-8160,2025-06-09
U0874,thomas80@yahoo.com,(+82) 11-20289075,2025-01-12
U0875,flantzhedwig@gmx.de,(+49) 151 4643691,2025-03-06
U0876,deleonchase@gmail.com,(+1) 708 320 9204,2025-05-12
U0877,maisato@hayashi.com,(+81) 86-63602734,2025-06-26
U0878,gponce@alegre-rincon.com,(+34) 613 201135,2025-05-15
U0879,brownkevin@hotmail.com,(+1) 950 569 3763,2025-03-31
U0880,dlopez@hughes-kirk.org,(+61) 432 212 522,2025-06-27
U0881,gustavo61@sales.com,(+55) 84 97240-1931,2025-03-06
U0882,davidtrujillo@pierce.net,(+1) 265 521 8034,2025-01-15
U0883,autumn18@yahoo.com,(+1) 878 604 5928,2025-05-05
U0884,ignatz61@doering.net,(+49) 156 2873028,2025-05-26
U0885,naragao@martins.com,(+55) 20 94846-2344,2025-03-13
U0886,megan27@cherry-simmons.com,(+82) 10-90374151,2025-05-09
U0887,luigi36@googlemail.com,(+49) 155 9597424,2025-01-04
U0888,scott35@yahoo.com.au,(+61) 412 708 179,2025-06-11
U0889,pboada@hotmail.com,(+34) 609 878848,2025-03-03
U0890,hideki10@hotmail.com,(+81) 74-30094927,2025-05-31
U0891,oscar09@lyons-rodgers.org.au,(+61) 440 781 147,2025-01-03
U0892,joseschmiedecke@wulff.net,(+49) 157 2513021,2025-02-24
U0893,tara04@hotmail.com,(+82) 11-68337160,2025-01-14
U0894,divanrhea@yahoo.com,(+91) 8328998539,2025-05-30
U0895,lesageemmanuel@dbmail.com,(+33) 7 96 8822672,2025-01-29
U0896,costelacalebe@rocha.net,(+55) 75 96115-6225,2025-04-16
U0897,uyohannan@yahoo.com,(+91) 7757818987,2025-05-11
U0898,hsantos@bol.com.br,(+55) 52 99916-3390,2025-04-27
U0899,charlesvasquez@wells.biz,(+1) 321 554 6830,2025-04-20
U0900,james50@bradshaw.info,(+1) 746 781 9702,2025-02-10
U0901,omichael@gmail.com,(+82) 10-90962074,2025-02-22
U0902,zmitchell@clayton-gordon.edu.au,(+61) 450 776 551,2025-01-18
U0903,gabriela58@yahoo.com.br,(+55) 78 93122-6580,2025-01-23
U0904,arnaude75@rocher.net,(+33) 7 15 2891696,2025-01-12
U0905,qwright@allen.com,(+82) 11-53388180,2025-02-10
U0906,charlescohen@vincent.org,(+33) 6 59 2609226,2025-05-30
U0907,tanakasayuri@gmail.com,(+81) 87-13846102,2025-05-17
U0908,caldeiradavi-lucca@bol.com.br,(+55) 68 94828-8485,2025-06-16
U0909,matthewbuck@smith.net,(+1) 290 761 9052,2025-05-02
U0910,pdevaux@maillot.fr,(+33) 7 26 7686090,2025-05-18
U0911,vaoki@gmail.com,(+81) 75-69775377,2025-05-27
U0912,elodie44@hotmail.fr,(+33) 6 17 8112707,2025-05-30
U0913,atak@krish.com,(+91) 8906002755,2025-05-01
U0914,ftandon@kapadia.com,(+91) 7574490468,2025-03-05
U0915,suhanasaraf@gmail.com,(+91) 9218406960,2025-04-30
U0916,qbarad@handa-taneja.com,(+91) 9523320305,2025-02-17
U0917,jodi29@gmail.com,(+82) 11-41599477,2025-05-12
U0918,carpenterbrandon@hotmail.com,(+1) 974 664 6742,2025-01-10
U0919,fsmith@rodriguez-west.com,(+61) 419 497 576,2025-04-08
U0920,michaelgilmore@yahoo.com,(+1) 584 647 1643,2025-01-29
U0921,heidi89@yahoo.com,(+82) 10-70474060,2025-06-02
U0922,msandoval@alexander.biz,(+61) 491 665 249,2025-02-25
U0923,michelemontes@walker.net,(+61) 425 513 810,2025-03-06
U0924,alcarazrosa-maria@yahoo.com,(+34) 660 159034,2025-06-20
U0925,patriciacampbell@yahoo.com,(+82) 11-76402391,2025-02-21
U0926,douglas21@goodman-orr.edu.au,(+61) 476 700 375,2025-02-27
U0927,rainer51@web.de,(+49) 152 4628102,2025-05-24
U0928,brittany42@paul-stone.com,(+1) 486 742 6993,2025-03-31
U0929,phoareau@caron.com,(+33) 6 50 6038131,2025-04-20
U0930,stevennavarro@gmail.com,(+61) 482 773 715,2025-05-30
U0931,anna-luisekaester@web.de,(+49) 159 8013829,2025-05-07
U0932,lsmith@gmail.com,(+1) 305 457 1297,2025-06-14
U0933,marycurtis@yahoo.com,(+82) 10-89723512,2025-06-14
U0934,anaporto@da.com,(+55) 82 98419-4633,2025-02-28
U0935,niklas92@web.de,(+49) 157 2067815,2025-05-05
U0936,zgaba@hotmail.com,(+91) 8438680693,2025-02-03
U0937,juliewelch@gmail.com,(+82) 11-11457482,2025-05-21
U0938,rafaelgoncalves@moreira.com,(+55) 66 98274-3655,2025-03-21
U0939,meredith53@gmail.com,(+1) 585 694 4759,2025-05-20
U0940,ojohns@carter.info,(+1) 303 465 1188,2025-03-03
U0941,hansjuergen30@thies.com,(+49) 159 4140752,2025-01-03
U0942,verdejoignacia@lamas-pavon.com,(+34) 691 613795,2025-05-27
U0943,ottokarl-heinz@aol.de,(+49) 155 9707327,2025-03-14
U0944,boasedhruv@dhingra-bath.org,(+91) 8334809976,2025-05-06
U0945,claudia13@wiek.com,(+49) 153 7278434,2025-01-22
U0946,jessicaclark@jones.com,(+1) 963 225 4619,2025-05-11
U0947,savannah39@norman-kim.info,(+1) 898 892 4510,2025-03-17
U0948,manuel00@yahoo.com,(+34) 601 470084,2025-06-18
U0949,malhotraehsaan@hotmail.com,(+91) 9888177660,2025-06-09
U0950,maria-sophiafarias@ig.com.br,(+55) 66 95526-2859,2025-05-22
U0951,qjohnson@davis-fuller.com,(+1) 597 384 1481,2025-03-03
U0952,baoki@goto.com,(+81) 84-16826039,2025-03-29
U0953,ela58@kata.com,(+91) 7420401870,2025-04-06
U0954,josephjordan@hotmail.com,(+1) 508 875 4826,2025-05-21
U0955,margot56@turpin.fr,(+33) 7 70 6577091,2025-04-05
U0956,inaaya-kaul@hotmail.com,(+91) 9715833320,2025-01-10
U0957,thomas39@hotmail.com,(+82) 11-53725152,2025-06-07
U0958,wulf34@binner.de,(+49) 154 6403876,2025-04-03
U0959,myersdaniel@hotmail.com,(+1) 545 934 8555,2025-05-25
U0960,coxjonathan@yahoo.com,(+61) 434 955 376,2025-02-21
U0961,bruce87@yahoo.com,(+1) 961 514 5053,2025-01-09
U0962,chamorronicolas@hotmail.com,(+34) 656 431372,2025-01-23
U0963,mandalkrish@suresh.com,(+91) 8604012398,2025-05-24
U0964,langtommy@yahoo.com,(+1) 598 423 7203,2025-04-21
U0965,ymartin@simon-mcdonald.com,(+82) 10-69321146,2025-05-03
U0966,hito@hotmail.com,(+81) 75-41525461,2025-01-08
U0967,katelyn61@becker-thompson.org,(+1) 357 771 9060,2025-06-15
U0968,valerielester@novak.net,(+1) 767 589 2891,2025-05-31
U0969,williamtapia@hotmail.com,(+1) 302 334 7078,2025-03-29
U0970,zfujiwara@murakami.com,(+81) 79-41186603,2025-02-18
U0971,milena29@uol.com.br,(+55) 95 98433-9928,2025-06-24
U0972,auguste36@live.com,(+33) 7 12 2082805,2025-05-20
U0973,urolland@poulain.com,(+33) 7 23 4925080,2025-06-03
U0974,tlopez@gmail.com,(+1) 281 737 6374,2025-05-22
U0975,livia73@da.net,(+55) 15 95484-8439,2025-04-17
U0976,hartwigroskoth@trupp.de,(+49) 152 5635700,2025-06-25
U0977,wcampos@dias.br,(+55) 33 91282-9014,2025-05-30
U0978,leondavid@gmail.com,(+1) 485 929 2857,2025-01-20
U0979,psmith@hotmail.com,(+82) 10-43812379,2025-02-07
U0980,willifreudenberger@web.de,(+49) 155 3100476,2025-03-06
U0981,jolymichelle@laposte.net,(+33) 7 78 6036277,2025-02-13
U0982,owali@yahoo.com,(+91) 7425682206,2025-03-08
U0983,franciscomendes@cavalcanti.br,(+55) 94 93863-4972,2025-06-28
U0984,amcintyre@spencer.com,(+1) 725 682 5086,2025-04-10
U0985,haruka74@gmail.com,(+81) 87-38534348,2025-05-25
U0986,takuma00@nakamura.com,(+81) 70-48642581,2025-02-24
U0987,hhoward@oliver.com,(+82) 11-63836313,2025-05-22
U0988,ryanwiley@gmail.com,(+1) 542 343 3844,2025-03-06
U0989,gtakahashi@gmail.com,(+81) 86-16202544,2025-04-15
U0990,ngutknecht@web.de,(+49) 151 1364425,2025-05-30
U0991,lourdesrebollo@jordan-yuste.es,(+34) 668 687573,2025-01-02
U0992,sayuri44@ito.com,(+81) 77-25885250,2025-06-27
U0993,telmojorda@marmol.es,(+34) 624 123775,2025-03-27
U0994,concha89@yahoo.com,(+34) 656 122610,2025-04-01
U0995,sahilbhardwaj@chander.biz,(+91) 9908166795,2025-02-01
U0996,jallen@rogers.edu,(+61) 429 320 154,2025-03-01
U0997,satomi31@yahoo.com,(+81) 74-33560027,2025-02-26
U0998,elizabethadams@lewis-santiago.net,(+1) 990 405 2375,2025-05-30
U0999,xdomenech@hotmail.com,(+34) 668 915796,2025-03-16
U1000,igormelo@yahoo.com.br,(+55) 72 90139-6340,2025-04-19
